,Station Name,Coordinates,Arts & Entertainment,College & University,Event,Food,Nightlife Spot,Outdoors & Recreation,Professional & Other Places,Residence,Shop & Service,Travel & Transport
0,Astor Pl,"40.7300540002897,-73.9910699986196",23,44,1,24,13,27,88,5,103,24
1,Canal St,"40.718803001077,-74.0001929992732",15,6,0,25,6,24,125,10,156,14
2,50th St,"40.7617279996141,-73.9838489998662",44,3,3,24,25,25,107,7,85,31
3,Bergen St,"40.6808621368295,-73.974999151168",3,1,0,22,13,13,25,3,45,6
4,Pennsylvania Ave,"40.6647144514356,-73.8948859115406",1,1,0,6,0,0,5,0,4,3
5,238th St,"40.8846670006497,-73.9008700001852",1,2,0,20,5,3,8,0,12,2
6,Cathedral Pkwy (110th St),"40.8005815581149,-73.9580667066136",1,3,0,8,2,10,6,19,10,2
7,Kingston - Throop Aves,"40.679918999416,-73.9408589987126",5,0,0,16,4,3,14,4,17,6
8,65th St,"40.7497195293567,-73.8987883783301",0,0,0,8,1,2,5,1,2,1
9,36th St,"40.7519600440107,-73.9290181846153",4,0,1,0,0,1,16,0,10,4
10,Delancey St - Essex St,"40.7183060561861,-73.9874094020297",21,3,1,26,24,13,50,5,95,11
11,Van Siclen Ave,"40.6780282144778,-73.8916577270244",0,0,0,4,0,0,1,0,4,2
12,Norwood Ave,"40.6815200004568,-73.8796259991078",0,1,0,8,3,1,2,0,11,1
13,104th-102nd Sts,"40.6951659982337,-73.8444350002968",0,0,0,6,1,2,9,0,11,1
14,DeKalb Ave,"40.6906481199697,-73.9817709444094",5,32,0,51,6,9,37,5,55,7
15,Beach 105th St,"40.5832684381028,-73.8275807503452",0,0,0,0,0,1,3,0,5,1
16,Beach 90th St,"40.5880915645732,-73.8136514041963",1,0,0,7,4,1,7,0,19,2
17,Freeman St,"40.8299874463841,-73.8917522534946",2,1,0,6,0,0,4,2,8,3
18,Intervale Ave,"40.8221421311707,-73.8966173846164",0,1,0,7,1,1,14,0,8,4
19,182nd-183rd Sts,"40.8560929988186,-73.9007409999896",1,2,0,8,0,3,9,1,10,3
20,174th-175th Sts,"40.8458999998341,-73.9101360005007",0,1,0,1,0,0,13,2,9,4
21,167th St,"40.8337689986279,-73.9184320008225",4,3,0,7,1,1,8,3,6,2
22,Mets - Willets Point,"40.7546219988126,-73.8456249984179",2,0,0,4,2,3,3,0,7,4
23,Junction Blvd,"40.7491449994883,-73.8695270010351",0,2,0,27,4,2,15,0,36,4
24,Flushing - Main St,"40.7595999991501,-73.830030002625",4,4,2,56,11,5,136,0,146,24
25,Buhre Ave,"40.8468099988855,-73.8325690000374",1,0,0,26,4,4,8,2,19,3
26,3rd Ave - 138th St,"40.8104760011726,-73.9261380001413",4,1,0,8,4,0,12,1,10,4
27,Castle Hill Ave,"40.8342549982546,-73.8512219996147",1,0,0,19,2,3,4,1,27,2
28,Brooklyn Bridge - City Hall,"40.7130649994331,-74.0041310005885",4,12,0,10,4,15,77,2,29,7
29,Zerega Ave,"40.8364880006081,-73.8470359987544",0,1,0,5,1,0,6,1,4,1
30,Grand Central - 42nd St,"40.7518074298163,-73.9767132992584",5,11,4,25,15,20,139,4,181,68
31,33rd St,"40.7460809990914,-73.9820760014894",4,13,3,26,8,31,134,9,149,22
32,96th St,"40.785671999986,-73.9510700015425",3,3,0,13,3,16,35,7,32,12
33,77th St,"40.7736200007461,-73.9598739988604",8,2,0,19,1,3,144,2,75,6
34,Chauncey St,"40.682851300878,-73.9103835703337",1,1,0,12,0,4,6,1,12,4
35,Union St,"40.6773156673509,-73.9831099990967",3,0,0,18,8,8,26,3,19,5
36,Elmhurst Ave,"40.7423700797216,-73.8820347465864",0,0,0,30,3,6,8,5,27,4
37,Ralph Ave,"40.6788220008733,-73.920785999333",1,3,0,2,0,1,11,0,8,1
38,Pelham Pkwy,"40.8571924091606,-73.8674806785004",1,3,0,14,1,2,11,1,36,5
39,Gun Hill Rd,"40.877839385172,-73.866134105387",0,0,0,7,0,3,5,1,11,5
40,Nereid Ave (238 St),"40.8982865155752,-73.8543153107622",1,0,0,13,3,0,5,0,19,4
41,Franklin Ave,"40.6707651534489,-73.9580997367769",1,2,0,23,7,1,8,10,18,3
42,Simpson St,"40.8239768412373,-73.893066395079",1,0,0,8,2,2,10,0,33,5
43,Bronx Park East,"40.8487686663389,-73.8683560917809",1,2,0,3,1,2,4,1,11,4
44,Winthrop St,"40.6566593137607,-73.9500793459099",0,1,0,12,0,1,28,2,12,2
45,Van Siclen Ave,"40.6655179630596,-73.889404917301",1,0,0,2,0,0,0,0,1,3
46,149th St - Grand Concourse,"40.8183034437231,-73.9273847542618",4,7,0,9,4,3,7,1,12,4
47,161st St - Yankee Stadium,"40.8282303274216,-73.9256919950573",3,1,0,40,23,18,17,0,38,4
48,Lexington Ave - 59th St,"40.7625260003045,-73.9679670004732",5,3,0,26,7,25,142,3,147,19
49,E 149th St,"40.812117998272,-73.9040979987594",0,0,0,12,1,1,5,0,10,2
50,Morrison Av - Soundview,"40.8295210015674,-73.8745159992948",0,1,0,14,1,1,3,2,18,2
51,Whitlock Ave,"40.826525000559,-73.8862829985325",0,0,0,2,0,1,0,3,7,3
52,St Lawrence Ave,"40.8315090005233,-73.8676179992367",1,0,0,8,1,1,9,0,2,4
53,Woodside - 61st St,"40.7456300011383,-73.90298400173",1,0,0,25,8,3,30,2,42,7
54,Far Rockaway - Mott Ave,"40.6039950016875,-73.7554049992473",0,0,0,8,1,1,3,0,11,5
55,72nd St,"40.7755193972925,-73.976336575218",3,1,1,5,0,9,38,6,5,8
56,96th St,"40.7916187976701,-73.9646024568716",1,1,0,4,0,6,20,3,4,5
57,168th St,"40.8407189999079,-73.9395609998542",4,19,0,16,2,8,48,4,20,8
58,Kingsbridge Rd,"40.8669779999994,-73.8935090000331",1,0,0,3,2,4,12,4,3,7
59,42nd St - Bryant Pk,"40.7541840013125,-73.9845909990471",10,15,3,25,19,50,110,3,136,20
60,Prospect Park,"40.6616334551018,-73.962031304266",3,1,0,18,1,5,10,4,21,5
61,55th St,"40.6314787609374,-73.9953488259574",0,0,0,13,0,0,15,1,15,4
62,Jamaica - Van Wyck,"40.7028985528731,-73.817012871354",1,0,0,16,1,3,12,1,15,6
63,Kew Gardens - Union Tpke,"40.714034819571,-73.8303702709878",4,6,0,19,1,4,71,1,77,9
64,Sutphin Blvd - Archer Av,"40.700382424235,-73.8080047196383",0,1,0,17,3,2,21,0,19,23
65,Court Sq - 23rd St,"40.7477681214143,-73.9460547026632",6,3,0,23,0,4,27,3,12,7
66,67th Ave,"40.726505475813,-73.852860484349",1,2,0,26,2,6,41,12,15,2
67,Grand Ave - Newtown,"40.7368134181971,-73.8772208566918",0,2,0,20,3,5,31,3,26,6
68,Ditmas Ave,"40.6361186666629,-73.9781719996516",2,0,0,7,1,1,4,0,14,4
69,Classon Ave,"40.6888890002645,-73.9599900013721",5,0,0,14,0,2,8,6,3,5
70,Broadway,"40.7061265762741,-73.9503122560662",10,3,0,6,3,5,16,10,16,3
71,Lorimer St,"40.7140720006471,-73.9502479999697",15,1,1,26,9,11,12,4,21,12
72,Sutter Ave,"40.6691450006139,-73.9019160004208",0,0,0,3,0,1,1,0,8,2
73,Wilson Ave,"40.6888665424602,-73.9039586049186",1,2,0,1,0,0,4,0,2,1
74,Halsey St,"40.6864152707043,-73.9166388842194",5,1,0,14,1,2,6,3,14,4
75,Lorimer St,"40.703844000042,-73.947354998842",2,0,0,9,0,1,6,3,10,3
76,8th Ave,"40.6349709996471,-74.0115159977215",0,0,0,12,4,1,65,0,24,6
77,36th Ave,"40.7564420005104,-73.929861999118",1,1,0,29,6,2,20,3,27,3
78,Broadway,"40.7614319988005,-73.925822999199",1,1,0,37,11,6,31,4,34,4
79,Times Sq - 42nd St,"40.7546119985154,-73.9867680015397",13,12,2,27,15,32,125,3,140,18
80,Grand Central - 42nd St,"40.7527686667421,-73.979188999891",6,11,2,29,14,21,146,3,180,60
81,Park Pl,"40.6747716668526,-73.9576240007463",3,3,0,21,4,5,23,10,27,5
82,111th St,"40.6843310000123,-73.8321629984538",1,1,0,4,4,0,3,0,11,2
83,W 4th St - Washington Sq (Lower),"40.7322544933678,-74.0003081475597",10,16,0,30,11,10,53,23,92,12
84,51st St,"40.7571069998931,-73.9719200006998",3,2,1,30,12,20,110,9,96,30
85,86th St,"40.7886440007389,-73.9762179985932",7,2,0,6,2,9,36,7,57,8
86,233rd St,"40.8931432413837,-73.8573623952154",0,0,0,15,0,0,13,0,20,3
87,66th St - Lincoln Ctr,"40.7734400005203,-73.9822089999578",40,14,0,28,6,26,54,5,38,13
88,Hunts Point Ave,"40.820947998523,-73.8905490001734",1,1,0,10,0,3,13,1,21,4
89,Canal St,"40.7228539977878,-74.0062770001748",6,7,0,17,9,19,109,3,37,15
90,Middletown Rd,"40.8438630012838,-73.8363219975594",0,0,0,4,1,1,9,0,4,3
91,23rd St,"40.7398640004746,-73.9865990020788",9,19,0,29,15,18,113,11,102,19
92,Court Sq,"40.7470229988964,-73.9452640003967",6,5,0,21,1,6,32,4,16,7
93,59th St - Columbus Circle,"40.7682470006368,-73.9819290023271",14,15,3,26,13,25,105,9,128,22
94,Hunters Point Ave,"40.7422159998631,-73.9489160009391",1,0,0,2,0,2,9,2,9,5
95,23rd St,"40.7440809998975,-73.9956570016487",9,16,1,18,10,21,98,10,120,12
96,Houston St,"40.7282510007302,-74.0053670018058",8,3,0,29,9,17,121,12,42,12
97,104th St,"40.6817110010911,-73.8376830006099",2,0,1,6,3,3,11,0,38,3
98,Broad Channel,"40.6084021806968,-73.8158326878296",1,0,0,3,0,4,1,0,0,1
99,Ocean Pkwy,"40.5763116670809,-73.9685009997517",1,1,1,7,0,4,21,5,18,3
100,Vernon Blvd - Jackson Ave,"40.7426259996974,-73.9535809987524",6,0,1,31,6,13,28,10,22,7
101,68th St - Hunter College,"40.7681410004967,-73.9638700015804",8,53,0,2,2,6,84,7,55,10
102,Queensboro Plz,"40.7506356510148,-73.9401635351909",0,4,0,33,3,11,43,11,25,10
103,Rockaway Blvd,"40.6804289995884,-73.8438529979573",1,2,0,17,1,4,14,0,29,5
104,Union Sq - 14th St,"40.7346730009961,-73.9899509988188",18,21,1,18,10,32,137,7,112,14
105,Bedford - Nostrand Aves,"40.6896270015844,-73.9535220006402",3,1,0,12,5,1,6,11,20,6
106,15th St - Prospect Park,"40.6600356881002,-73.9797358059287",2,1,0,16,3,5,14,3,23,4
107,7th Ave,"40.6662446900198,-73.9802511790094",2,3,0,26,1,6,46,5,31,5
108,Ft Hamilton Pkwy,"40.6507816680341,-73.9757759991747",1,0,0,4,0,5,7,2,3,0
109,Church Ave,"40.6442720001299,-73.9797211622908",2,1,1,17,2,4,8,2,26,3
110,Beverly Rd,"40.6439045986041,-73.9643577962312",1,1,0,1,0,1,4,1,3,1
111,Church Ave,"40.6504932464648,-73.9628824619211",1,0,0,18,0,3,7,10,13,1
112,Newkirk Ave,"40.6351419373378,-73.9626948683726",0,0,0,20,3,1,14,0,20,1
113,Parkside Ave,"40.6550730416371,-73.9614534398764",3,0,0,21,5,4,10,9,30,2
114,Grand Army Plaza,"40.6752946951032,-73.9709563319228",5,1,0,5,1,9,26,5,11,5
115,Atlantic Av - Barclay's Center,"40.6844201652676,-73.9775499353938",3,3,1,19,4,8,45,3,62,17
116,Rockaway Ave,"40.6783399998835,-73.9119459972661",0,1,0,6,2,1,5,1,8,4
117,Fulton St,"40.6871189995077,-73.9753749983314",4,4,0,26,9,4,31,4,45,6
118,Clinton - Washington Aves,"40.6880940010605,-73.9667959986695",6,3,0,3,1,4,13,8,9,6
119,7th Ave,"40.6771021798329,-73.9728527919102",3,3,0,23,5,6,21,6,35,4
120,Atlantic Av - Barclay's Center,"40.6844883234536,-73.9767834396316",3,3,1,20,5,7,42,3,62,14
121,Atlantic Av - Barclay's Center,"40.6836656672794,-73.9788099995676",2,3,1,15,5,9,29,4,57,18
122,Borough Hall,"40.692403999991,-73.9901510009053",7,24,0,8,2,16,118,5,136,10
123,Aqueduct Racetrack,"40.6720969991728,-73.8359189996516",0,0,0,0,0,1,0,0,1,1
124,Morris Park,"40.8543639996642,-73.8604950011725",0,0,0,2,1,2,2,1,2,1
125,Pelham Pkwy,"40.8589849998201,-73.8553590004356",0,1,0,1,0,2,6,1,0,4
126,Nostrand Ave,"40.6804380000622,-73.9504260009968",2,3,0,28,6,3,13,4,62,5
127,Nevins St,"40.6883105801902,-73.9804067987457",5,6,0,25,6,14,50,7,48,9
128,Eastern Pkwy - Bklyn Museum,"40.6720322354592,-73.9642220374842",4,0,1,9,3,6,3,6,8,2
129,Beverly Rd,"40.6451235189437,-73.948847983817",1,1,0,5,4,0,5,2,9,1
130,Church Ave,"40.6508606878022,-73.9494551403533",5,2,0,22,4,4,13,2,54,3
131,Newkirk Ave,"40.6399912427531,-73.948299908224",0,1,0,12,1,1,8,1,18,3
132,Brooklyn College - Flatbush Ave,"40.6328424070074,-73.947541207344",1,4,0,28,1,5,27,3,55,7
133,Sterling St,"40.6627729934283,-73.9507289112493",1,0,0,19,2,3,11,4,16,5
134,Crown Hts - Utica Ave,"40.668978311078,-73.9329325608185",0,0,0,18,0,4,16,6,29,6
135,Kingston Ave,"40.6694814486497,-73.9421597839296",3,6,0,15,5,1,11,1,20,1
136,Nassau Ave,"40.7244799978082,-73.9511830001652",7,1,0,44,13,5,30,6,68,6
137,Greenpoint Ave,"40.7312669997146,-73.9544250014623",5,0,0,32,5,3,37,8,39,4
138,Marcy Ave,"40.7083830000179,-73.9578320007572",4,0,0,15,8,10,31,4,28,9
139,Hewes St,"40.706889998054,-73.9534880003845",9,1,0,3,5,9,11,4,23,5
140,138th St - Grand Concourse,"40.813223999589,-73.9298489993561",0,1,0,3,0,1,6,0,6,3
141,5th Ave - 53rd St,"40.7600868323132,-73.9752485052734",9,4,0,16,11,21,137,4,162,21
142,Lexington Ave - 53rd St,"40.7574683078286,-73.969072374902",6,5,1,39,25,25,133,3,101,17
143,28th St,"40.7454539997995,-73.9886980012873",26,11,2,31,21,46,132,3,173,26
144,Herald Sq - 34th St,"40.7496445600944,-73.9879368338264",8,22,2,23,13,28,107,3,170,37
145,1st Ave,"40.7309749758006,-73.9816808748912",5,6,0,44,11,11,43,5,60,14
146,Times Sq - 42nd St,"40.75598300057,-73.986228999532",37,11,1,26,20,35,125,4,145,24
147,Metropolitan Ave,"40.7127740007342,-73.9514239994525",4,2,0,18,10,8,18,4,23,10
148,Grand St,"40.7115760006482,-73.9404969987464",5,2,0,19,2,2,13,4,16,5
149,Graham Ave,"40.7145759983636,-73.9439439986903",4,1,0,11,7,4,19,4,39,4
150,Bedford Ave,"40.7171739985889,-73.9566649980652",17,2,0,37,10,8,45,1,77,10
151,Montrose Ave,"40.7073910643845,-73.939792847135",5,2,2,17,6,6,11,11,10,3
152,Long Island City - Court Sq,"40.7463050335714,-73.9438155959783",5,4,0,22,1,8,28,2,18,5
153,21st St,"40.7441286664954,-73.9495999997552",1,0,0,6,1,5,10,8,7,5
154,39th Ave,"40.7527630614084,-73.9328513767959",0,1,0,12,5,7,18,2,10,8
155,145th St,"40.8265509996219,-73.9503599987971",1,0,0,16,2,4,11,13,31,4
156,157th St,"40.8340410001399,-73.9448899990104",5,1,0,12,3,5,11,4,24,5
157,96th St,"40.7939190012147,-73.9723229991569",6,1,0,39,5,8,43,8,50,14
158,103rd St,"40.7994460003348,-73.9683789996081",6,1,0,33,4,13,27,3,49,7
159,Central Park North (110th St),"40.7990749997732,-73.9518220017691",3,1,0,9,1,9,12,9,6,7
160,103rd St,"40.7960607399045,-73.9613700826761",4,0,0,2,1,10,8,12,4,3
161,72nd St,"40.7784530006861,-73.9819700015958",11,6,0,26,6,28,83,11,103,13
162,81st St,"40.781346084182,-73.972097949372",40,1,0,7,0,9,15,4,6,2
163,75th Ave,"40.7180446534874,-73.8369236938715",2,0,0,11,4,7,83,2,19,4
164,86th St,"40.7858230467855,-73.9688284942967",4,4,0,3,0,10,36,12,7,6
165,Cathedral Pkwy (110th St),"40.8039669996148,-73.9668470005456",4,7,0,25,2,2,15,14,32,5
166,116th St - Columbia University,"40.8077220012308,-73.9641099975775",5,116,0,6,3,12,24,7,19,5
167,125th St,"40.8077539991828,-73.9454950001141",3,4,0,31,6,2,35,6,46,10
168,135th St,"40.8142290003391,-73.940770001067",4,1,0,7,1,4,27,4,14,7
169,116th St,"40.802097999133,-73.949625000969",4,1,0,12,1,7,18,4,31,6
170,Tremont Ave,"40.8504099995102,-73.9052270012235",1,0,0,7,0,0,10,3,6,4
171,137th St - City College,"40.8220079996847,-73.9536760008787",0,5,0,24,1,6,12,14,23,3
172,145th St,"40.8204209996927,-73.9362449987329",1,0,0,11,1,3,6,1,4,6
173,176th St,"40.8484800012369,-73.9117939988447",1,1,0,8,2,1,2,0,12,3
174,Burnside Ave,"40.8534530015569,-73.9076840015997",0,2,0,23,2,1,7,2,23,4
175,170th St,"40.8393059996415,-73.9133999984698",0,2,0,5,0,1,9,2,10,5
176,168th St,"40.8405559991485,-73.9401329990725",4,19,0,15,1,7,53,3,16,8
177,181st St,"40.8495049997406,-73.9335959996056",1,2,0,25,2,2,31,3,63,7
178,191st St,"40.8552250017583,-73.9294119974203",1,1,0,19,1,2,10,10,17,2
179,175th St,"40.847391000724,-73.9397039976159",6,1,0,18,5,4,8,12,13,9
180,Beach 44th St,"40.5929429990861,-73.776012999995",0,0,0,0,0,1,2,0,0,2
181,Beach 60th St,"40.5923740012123,-73.7885219980118",0,0,0,0,0,2,3,3,1,2
182,Beach 98th St,"40.5853856913327,-73.8205205895952",0,0,0,8,0,2,1,2,5,3
183,Rockaway Park - Beach 116 St,"40.5809558655735,-73.8355900870123",5,0,0,16,6,2,7,0,20,5
184,Beach 36th St,"40.5953980016687,-73.7681749993968",0,0,0,0,0,0,1,0,0,1
185,Beach 25th St,"40.6000660010588,-73.7613529976207",1,0,0,4,0,3,1,0,3,3
186,Parsons Blvd,"40.7075719996156,-73.8032890002188",0,0,0,14,3,0,12,0,14,6
187,169th St,"40.710517502784,-73.7934741992772",0,1,0,17,1,0,11,0,14,5
188,103rd St - Corona Plaza,"40.7498650005555,-73.8626999983041",1,0,0,24,4,3,26,0,32,2
189,111th St,"40.7517299994171,-73.8553339983488",0,0,0,0,0,0,0,0,0,0
190,63rd Dr - Rego Park,"40.7297639724224,-73.861618200972",0,0,0,0,0,0,0,0,0,0
191,Grant Ave,"40.6770440005447,-73.865049998777",1,0,0,18,2,1,0,0,7,6
192,79th St,"40.7839339995903,-73.9799170005613",3,3,0,29,1,2,32,6,57,6
193,Atlantic Ave,"40.675344666408,-73.9030969995401",0,0,0,7,2,0,8,0,9,4
194,Christopher St - Sheridan Sq,"40.7334220010422,-74.0029059985523",5,1,1,31,11,7,53,15,79,15
195,Ozone Park - Lefferts Blvd,"40.6859509987836,-73.8257979990661",1,0,0,1,4,0,4,1,5,8
196,Times Sq - 42nd St,"40.7554770019825,-73.9876909982515",16,6,0,38,30,8,39,3,151,5
197,W 8th St - NY Aquarium,"40.5760338181036,-73.9759578741382",0,0,0,13,1,0,14,1,33,1
198,28th St,"40.7472149991821,-73.9933650013432",28,14,1,23,15,23,127,2,135,19
199,28th St,"40.743069999259,-73.984264001104",1,0,0,2,0,1,4,2,2,1
200,Pelham Bay Park,"40.8524619995166,-73.8281210005928",29,34,3,18,16,41,143,2,126,17
201,Westchester Sq - E Tremont Ave,"40.8398920010139,-73.8429519992501",9,11,3,37,22,18,119,6,125,22
202,18th St,"40.7410399998021,-73.997871000604",0,0,0,12,1,4,18,1,12,6
203,Grand Central - 42nd St,"40.7514310002868,-73.976041001115",1,1,0,11,0,3,26,0,20,3
204,Beach 67th St,"40.5909270007813,-73.7969239998421",9,5,0,17,11,21,100,5,78,5
205,W 4th St - Washington Sq (Upper),"40.7323379977432,-74.0004950022543",3,14,4,32,17,24,147,6,171,56
206,85th St - Forest Pky,"40.692426999661,-73.8600870000687",0,0,0,4,0,2,4,1,3,2
207,Woodhaven Blvd,"40.693703998801,-73.8520519974079",8,12,0,32,10,9,54,24,96,12
208,111th St,"40.6971148106964,-73.8367933845469",0,0,0,10,4,0,7,0,13,2
209,121st St,"40.7004819985153,-73.8283490001795",3,1,0,24,0,2,6,0,23,2
210,Halsey St,"40.6955180011487,-73.9039340011863",0,1,0,13,1,2,13,0,14,4
211,Myrtle - Wyckoff Aves,"40.6994710624271,-73.9109757182647",0,0,0,6,2,0,5,0,10,3
212,New Lots Ave,"40.6663149325969,-73.8841107080032",6,0,0,7,5,2,5,0,8,3
213,Van Siclen Ave,"40.672709999061,-73.8903580002471",0,3,0,20,4,4,8,3,32,12
214,Cleveland St,"40.6797779989611,-73.8851940021643",0,0,0,9,1,2,1,0,7,3
215,Livonia Ave,"40.6640572709464,-73.9005623722605",0,0,0,5,1,2,3,0,9,1
216,Junius St,"40.6635890018172,-73.9024486418356",0,0,0,6,2,0,2,0,12,1
217,Rockaway Ave,"40.6626174881522,-73.9089583358444",0,0,0,1,0,1,0,1,5,3
218,Canarsie - Rockaway Pkwy,"40.6466536673952,-73.9018500001728",0,0,0,0,0,0,0,3,5,3
219,E 105th St,"40.6504687854469,-73.8995476938872",0,1,0,4,0,0,3,3,5,2
220,Saratoga Ave,"40.6615297898075,-73.9163302500794",0,0,0,18,0,0,5,0,18,7
221,Sutter Ave - Rutland Road,"40.6647667887749,-73.92252118536",0,0,0,1,0,0,4,1,1,1
222,New Lots Ave,"40.6589147736852,-73.8992779605714",1,0,0,4,0,0,4,1,8,4
223,Broadway Junction,"40.6793660014736,-73.9042899974641",0,2,0,10,1,4,9,3,18,1
224,Alabama Ave,"40.6769980000037,-73.8985260015965",0,0,0,2,1,0,0,0,4,4
225,Shepherd Ave,"40.6741300014559,-73.8807499974726",1,0,0,8,0,3,2,0,1,9
226,Crescent St,"40.6831526570773,-73.8739292521577",0,1,0,11,4,1,11,1,5,8
227,Cypress Hills,"40.6896160008387,-73.8733219988299",0,0,0,3,0,2,3,0,6,2
228,75th St - Eldert Ln,"40.6912900012467,-73.8672879994496",1,1,0,9,0,0,5,0,6,1
229,69th St,"40.7463249994102,-73.8964029993185",0,1,0,2,0,0,1,0,2,3
230,74th St - Broadway,"40.7468675738291,-73.8912051289911",1,0,0,5,0,3,5,0,5,1
231,Woodhaven Blvd - Queens Mall,"40.7330973738097,-73.8694320861234",0,1,0,7,5,2,16,2,11,2
232,Myrtle - Wyckoff Aves,"40.6994540009083,-73.912178999396",1,1,1,48,6,4,42,4,64,4
233,Seneca Ave,"40.702918998949,-73.9075819988542",0,2,0,35,1,6,32,2,141,7
234,DeKalb Ave,"40.7036929996164,-73.9182320021972",0,2,0,22,4,5,6,4,29,14
235,52nd St,"40.7441490010215,-73.9125489989125",2,0,0,9,3,1,5,1,9,3
236,46th St,"40.756316952608,-73.9135217499553",5,2,0,22,2,1,22,4,16,4
237,Northern Blvd,"40.752824829236,-73.9060650805235",2,1,0,18,5,6,12,2,8,2
238,46th St,"40.7431320006038,-73.9184350010397",0,0,0,11,1,2,4,2,15,2
239,82nd St - Jackson Hts,"40.7476589995591,-73.8836970007188",1,1,0,5,4,0,3,0,10,5
240,90th St - Elmhurst Av,"40.7484080006091,-73.8766129998698",0,2,0,28,2,5,39,1,61,10
241,Howard Beach - JFK Airport,"40.6604760000495,-73.8303010007103",5,0,0,18,7,4,49,2,67,5
242,Aqueduct - North Conduit Av,"40.6682340016998,-73.8340579994872",2,1,0,20,3,1,30,2,23,4
243,Briarwood - Van Wyck Blvd,"40.7091618153694,-73.8206926363744",1,1,0,4,1,2,0,0,6,1
244,Forest Hills - 71st Av,"40.7215943095358,-73.8445167201266",0,1,0,0,2,3,0,0,1,1
245,Sutphin Blvd,"40.7054179990676,-73.8108329989723",1,0,0,8,0,2,6,1,4,4
246,Jamaica Ctr - Parsons / Archer,"40.7020673762118,-73.8010963229892",3,0,0,44,7,11,72,3,92,8
247,225th St,"40.8880282586378,-73.8602146177273",0,0,0,8,1,0,8,0,9,4
248,Elder Ave,"40.8285840010892,-73.8791589987477",3,5,0,12,0,2,14,0,10,13
249,Longwood Ave,"40.8161039999724,-73.8964349989741",1,0,0,7,0,2,8,2,20,2
250,Astoria Blvd,"40.7700369994908,-73.9180950010923",0,0,0,13,1,1,2,0,18,1
251,Astoria - Ditmars Blvd,"40.7750356665236,-73.9120340001031",0,1,0,4,0,1,8,1,7,5
252,Jackson Ave,"40.8164374668639,-73.9077019387083",0,1,0,4,1,7,11,3,12,6
253,Prospect Ave,"40.8194872648384,-73.9017777873091",5,3,0,48,6,12,50,2,63,4
254,Cypress Ave,"40.8053680007636,-73.9140419999475",0,0,0,8,0,4,5,5,3,3
255,174th St,"40.8371955501706,-73.8876935981288",1,0,0,7,1,3,7,1,12,4
256,Allerton Ave,"40.8654833779392,-73.8672342285162",0,0,0,4,1,0,4,4,9,2
257,E 143rd St - St Mary's St,"40.8087190009014,-73.9076569993648",0,0,0,11,0,4,8,1,12,5
258,Kingsbridge Rd,"40.8677600008857,-73.8971740010174",1,3,0,13,1,4,10,1,18,4
259,Bedford Park Blvd - Lehman College,"40.8734119998012,-73.8900640006947",1,0,0,0,0,1,2,0,6,2
260,Harlem - 148 St,"40.8238800008045,-73.9364700000555",0,1,0,19,4,1,9,2,16,6
261,Mt Eden Ave,"40.8444340009267,-73.9146849986034",2,3,0,12,3,3,3,0,5,4
262,Fordham Rd,"40.8612959986834,-73.897749001024",1,1,0,3,0,4,9,3,8,3
263,170th St,"40.84007499993,-73.9177909974592",0,2,0,10,3,5,9,1,7,2
264,Bedford Park Blvd,"40.8732439986164,-73.8871379988957",6,5,0,18,1,2,32,2,60,10
265,Marble Hill - 225th St,"40.8745609994178,-73.9098309992355",0,0,0,6,3,3,10,0,22,3
266,231st St,"40.8788559981793,-73.9048340010787",2,0,0,15,1,4,7,1,6,4
267,215th St,"40.8694439994604,-73.9152789995435",1,0,0,9,1,4,9,2,24,5
268,207th St,"40.8646140005258,-73.9188190013231",0,1,0,27,4,3,21,0,56,6
269,Inwood - 207th St,"40.8680719999973,-73.9198990010046",3,3,0,7,3,5,23,4,13,7
270,Van Cortlandt Park - 242nd St,"40.8892480001147,-73.8985830004964",1,0,0,15,4,1,14,2,12,4
271,West Farms Sq - E Tremont Av,"40.8402076324179,-73.8799612787718",2,3,0,21,4,4,18,6,30,8
272,219th St,"40.8838879746252,-73.8625097078866",0,6,1,15,3,5,7,0,5,5
273,Mosholu Pkwy,"40.8797499994722,-73.8846549998873",1,1,0,4,0,2,6,2,10,6
274,Norwood - 205th St,"40.8748110001118,-73.8788549991869",1,0,0,12,1,0,7,0,10,1
275,Burke Ave,"40.8712588025477,-73.867053617476",0,0,0,14,0,3,7,1,5,3
276,Baychester Ave,"40.8786630003731,-73.8385909980215",0,0,0,12,1,2,11,1,11,3
277,Eastchester - Dyre Ave,"40.88829999901,-73.8308340021742",0,1,0,8,1,0,8,3,15,3
278,Jamaica - 179th St,"40.712645666744,-73.7838170017645",0,0,0,3,1,0,1,0,4,1
279,Wakefield - 241st St,"40.9031250005412,-73.8506199987954",0,1,0,9,1,0,6,2,10,6
280,Botanic Garden,"40.6703426665843,-73.9592449994569",0,0,0,16,4,0,17,3,23,4
281,Bushwick - Aberdeen,"40.6828606255118,-73.905261763051",0,0,0,8,4,0,9,0,10,4
282,Broadway Junction,"40.6784562484286,-73.9031175792068",1,3,0,15,3,1,10,10,15,3
283,Gun Hill Rd,"40.8695259996267,-73.8463840015176",1,0,0,1,0,3,1,2,4,3
284,E 180th St,"40.8418630412186,-73.8733460951088",0,0,0,4,0,2,7,0,1,8
285,Dyckman St,"40.8605310013879,-73.9255360000647",2,0,0,9,2,1,7,0,9,2
286,125th St,"40.8155809999789,-73.9583720009704",0,1,0,5,1,1,4,0,1,5
287,Franklin Ave - Fulton St,"40.6805956659826,-73.9558270011042",2,0,0,11,3,0,2,3,20,3
288,149th St - Grand Concourse,"40.8183301440974,-73.9267224743861",5,9,0,19,3,2,14,7,18,5
289,3rd Ave - 149th St,"40.81602925251,-73.9177915276098",8,0,0,11,6,4,9,1,21,6
290,167th St,"40.8355369993367,-73.9213999978442",4,7,0,10,4,2,6,1,12,3
291,Brook Ave,"40.8075659998769,-73.9192399990943",2,3,0,15,0,2,34,1,58,7
292,33rd St,"40.7445869998399,-73.9309969995383",0,0,0,16,1,2,10,1,19,2
293,40th St,"40.7437810014913,-73.9240159984882",0,2,0,15,0,2,3,3,17,2
294,145th St,"40.8247663608719,-73.9440879282311",1,5,0,6,1,6,12,0,6,2
295,155th St,"40.8301349999812,-73.9382089981162",2,0,0,24,6,3,10,6,20,3
296,161st St - Yankee Stadium,"40.8279049988458,-73.9256509977547",6,3,0,15,0,5,10,10,22,7
297,Utica Ave,"40.6793639995054,-73.9307289991402",2,0,0,5,0,5,5,2,3,2
298,Steinway St,"40.7569873591257,-73.9205264716827",3,0,0,33,10,13,15,1,36,4
299,Kosciuszko St,"40.693172001292,-73.9285089992741",1,0,0,3,1,4,4,1,2,4
300,Gates Ave,"40.6895839990139,-73.9221560015075",3,1,0,11,7,9,20,3,34,4
301,Central Ave,"40.6978730001183,-73.9272429990283",2,1,0,6,5,3,6,2,11,5
302,Knickerbocker Ave,"40.698660001238,-73.9197200018862",1,0,0,18,0,2,10,4,25,6
303,30th Ave,"40.7667786667329,-73.9214790001739",1,0,0,8,3,3,4,2,9,3
304,Jefferson St,"40.7066066659887,-73.9229130000312",3,2,0,14,2,4,15,0,29,4
305,Morgan Ave,"40.7061516668072,-73.933147000242",4,3,0,25,5,5,42,4,47,5
306,Queens Plz,"40.7489177198632,-73.9371382396569",11,0,0,20,18,3,18,0,18,2
307,18th Ave,"40.6297546663858,-73.9769709996579",19,1,0,11,7,4,26,3,18,3
308,77th St,"40.6297416668869,-74.0255099996266",3,1,0,5,1,6,15,5,11,12
309,Bay Ridge Ave,"40.6349666668237,-74.0233769995072",0,1,0,4,2,0,10,1,13,3
310,50th St,"40.6362608909613,-73.9946587805514",1,1,0,0,1,2,54,3,4,1
311,Ft Hamilton Pkwy,"40.6313856672244,-74.0053510004627",1,3,0,12,4,1,31,2,14,3
312,25th Ave,"40.5977036669585,-73.9868290001147",1,0,0,5,0,0,7,0,19,4
313,Bay Pky,"40.6019504615723,-73.9936762000529",0,1,0,15,1,1,5,2,11,3
314,20th Ave,"40.617108999866,-73.9845219984611",1,0,0,7,1,0,11,0,16,2
315,18th Ave,"40.62068699768,-73.9904539986599",0,0,0,28,0,2,29,2,48,4
316,Bay Ridge - 95th St,"40.6166216672595,-74.0308760008576",0,0,0,10,2,3,4,1,13,1
317,86th St,"40.6226866671502,-74.0283979999864",1,1,0,25,0,1,7,0,23,2
318,79th St,"40.6131589256951,-74.000582874315",1,0,0,22,4,4,26,4,19,5
319,71st St,"40.6192587097727,-73.9988409485068",0,1,0,25,1,6,28,2,55,7
320,20th Ave,"40.6046769981693,-73.9981743215756",0,1,0,6,1,2,13,2,14,3
321,18th Ave,"40.6077357317174,-74.001592592394",0,1,0,8,0,3,7,0,9,1
322,62nd St,"40.6262244629221,-73.9968572499486",1,1,0,27,1,4,5,0,42,1
323,New Utrecht Ave,"40.6248416672588,-73.9963530002596",0,0,0,13,0,1,9,1,19,4
324,Ave U,"40.5959248255174,-73.9733764197488",1,1,0,6,0,1,3,1,10,3
325,Kings Hwy,"40.6032584051282,-73.9723553085244",1,0,0,3,1,2,5,1,8,2
326,Brighton Beach,"40.5777101966424,-73.9613537859879",4,1,0,11,4,3,12,0,17,2
327,Sheepshead Bay,"40.5865475470753,-73.954057912579",0,0,0,11,0,6,13,1,16,2
328,Ave U,"40.5993089509547,-73.955811223163",0,0,0,20,3,2,17,1,40,6
329,Kings Hwy,"40.608638645396,-73.9576087353808",2,1,0,16,3,6,40,6,52,4
330,Ave U,"40.5972359999204,-73.9790840009942",1,0,0,16,0,0,9,0,24,3
331,Kings Hwy,"40.6040589998049,-73.9803730022934",1,6,0,19,2,5,50,2,58,7
332,Neptune Ave,"40.5807387584914,-73.974592728188",2,1,0,12,4,3,22,1,21,1
333,Ave X,"40.5894496666252,-73.974265999689",0,0,0,16,0,2,8,0,19,4
334,Bay 50th St,"40.5888406665193,-73.9837650004594",0,3,0,3,2,2,5,1,7,1
335,Gravesend - 86th St,"40.5924650008885,-73.9781889993627",0,0,0,9,1,3,10,0,8,4
336,Ave P,"40.6088428089499,-73.9730028152875",0,0,0,6,0,2,3,0,5,3
337,Ave N,"40.6143567119088,-73.9740485087314",0,0,0,2,1,2,3,0,6,4
338,Bay Pky,"40.6207316231678,-73.9752569782215",0,0,0,12,2,4,7,1,23,1
339,Ave M,"40.6173977444437,-73.9592431052215",1,1,0,4,0,2,9,1,6,2
340,Bay Pky,"40.61145578989,-73.9817800106929",0,0,0,0,0,0,1,0,0,2
341,Ave I,"40.6250174401914,-73.9760693317092",2,0,0,13,0,0,10,0,24,4
342,Ave J,"40.6250228199151,-73.9606931624692",1,2,0,22,3,2,14,1,24,4
343,Ave H,"40.6292083775896,-73.9615179394249",2,1,0,6,2,5,2,1,14,3
344,Neck Rd,"40.5953216911169,-73.9550782749376",1,2,0,10,0,2,18,1,23,2
345,21st St - Queensbridge,"40.7537392708755,-73.9419376145744",0,0,0,6,0,0,3,2,6,2
346,50th St,"40.7624559992599,-73.985984000264",1,1,0,7,0,3,7,1,13,1
347,7th Ave,"40.7629701524562,-73.9816978234447",3,0,0,1,0,0,8,0,13,7
348,47th-50th Sts - Rockefeller Ctr,"40.7586410015981,-73.981331002277",39,4,3,33,23,41,94,9,52,33
349,57th St,"40.7640850008171,-73.9773680008517",25,2,3,23,23,23,105,7,100,40
350,Lexington Ave - 63rd St,"40.7646180944237,-73.9660896441324",19,8,4,27,10,22,115,2,159,18
351,Roosevelt Island - Main St,"40.759171999671,-73.9532349997886",34,6,1,48,18,21,135,13,162,33
352,59th St - Columbus Circle,"40.768249531776,-73.9816487230139",3,9,0,30,2,11,99,22,91,5
353,49th St,"40.7598019738706,-73.9842095659109",0,1,0,4,0,12,6,8,4,4
354,57th St,"40.7645655250182,-73.9807297337212",14,10,3,26,12,23,100,7,124,22
355,5th Ave - 59th St,"40.7648109997552,-73.9733470004704",53,4,1,21,24,39,93,4,107,27
356,Lexington Ave - 59th St,"40.7627088553945,-73.9673750171143",28,7,0,29,25,20,135,12,122,41
357,34th St - Penn Station,"40.7503730000394,-73.9910569991398",15,1,0,27,11,14,125,4,93,14
358,Times Sq - 42nd St,"40.7552899999568,-73.9874950005188",5,3,0,34,4,18,146,4,162,15
359,Fulton St,"40.7101621653018,-74.0076230932399",13,5,1,22,4,23,107,4,158,47
360,Chambers St,"40.714111000774,-74.0085847357013",26,15,1,20,14,25,122,3,138,19
361,42nd St - Port Authority Bus Term,"40.7573079985515,-73.9897350008585",5,32,2,44,8,30,122,9,149,19
362,Myrtle-Willoughby Aves,"40.6946189990376,-73.9490669989015",8,14,0,33,22,24,125,3,147,25
363,Flushing Ave,"40.7003766662215,-73.9502340010257",61,5,0,20,13,16,108,1,89,106
364,23rd St,"40.742954317826,-73.9927650047138",3,1,0,5,0,3,3,2,9,2
365,Herald Sq - 34th St,"40.7497893999001,-73.9877718907291",2,0,0,3,0,3,15,1,11,3
366,Hoyt - Schermerhorn Sts,"40.6884084758064,-73.9850362403413",14,15,1,20,8,36,135,11,167,30
367,Jay St - MetroTech,"40.692470636847,-73.9872181526731",9,20,2,21,12,34,88,4,151,39
368,East Broadway,"40.7138550010204,-73.9901770012219",9,2,0,21,4,11,65,5,82,10
369,Delancey St - Essex St,"40.7186807421945,-73.9880780680771",5,47,2,10,3,10,110,4,76,21
370,Lower East Side - 2nd Ave,"40.7234016657491,-73.9899380000343",5,5,0,29,8,7,22,11,54,15
371,Flushing Ave,"40.7004044029811,-73.9413773483836",39,4,1,36,38,16,48,4,123,13
372,Myrtle Ave,"40.6971950005145,-73.9356230012996",9,5,0,18,26,19,26,19,46,20
373,4th Av - 9th St,"40.6702716672849,-73.9897789993889",3,1,0,25,0,5,25,6,42,3
374,Smith - 9th Sts,"40.6736410609041,-73.9958917279093",11,1,0,27,6,6,9,5,20,5
375,Bergen St,"40.6861105472597,-73.9907564957356",8,1,0,7,2,6,16,6,13,10
376,Jay St - MetroTech,"40.6922553964532,-73.9860566785461",6,1,0,4,0,3,9,0,6,3
377,Court St,"40.6941964807769,-73.9918183090112",4,1,1,21,5,6,16,6,45,3
378,Union Sq - 14th St,"40.7358722669981,-73.9905388618164",7,22,2,33,5,14,97,6,81,12
379,23rd St,"40.74130266729,-73.989344001029",3,11,0,24,4,15,137,8,146,4
380,Prospect Ave,"40.6654136671297,-73.9928720006742",19,19,2,22,10,42,118,3,143,17
381,4th Av - 9th St,"40.6708466668427,-73.9883019997451",12,14,0,27,8,38,113,7,145,20
382,3rd Ave,"40.7326909997166,-73.9857500011209",0,1,0,8,2,7,4,4,6,7
383,Union Sq - 14th St,"40.7347633121792,-73.9906697690181",8,1,0,4,0,2,18,6,15,6
384,Liberty Ave,"40.6745419998708,-73.8965480010392",8,6,0,25,18,11,77,8,64,14
385,Broadway Junction,"40.6783336660802,-73.9053160005534",18,19,1,19,11,34,134,8,134,16
386,59th St,"40.6413616662838,-74.0178809995398",1,0,0,13,1,0,10,1,9,4
387,45th St,"40.6489386666128,-74.0100060007493",1,0,0,13,2,4,9,2,8,1
388,36th St,"40.6551436663388,-74.003548999518",1,0,0,16,5,1,9,0,9,2
389,9th Ave,"40.6464840772663,-73.994448744512",0,0,0,11,2,2,2,0,4,5
390,53rd St,"40.6450686673598,-74.0140339998631",2,2,0,1,0,2,12,0,8,1
391,Ft Hamilton Pkwy,"40.6409127114446,-73.9942022375285",2,2,0,8,0,2,5,0,13,2
392,25th St,"40.6603966669232,-73.9980909997429",4,1,0,18,0,4,8,3,12,2
393,Carroll St,"40.6802733517017,-73.9949469799884",6,3,0,24,5,7,14,2,24,7
394,Spring St,"40.7262270012931,-74.0037389984376",11,4,0,33,13,19,98,20,93,11
395,181st St,"40.8516949997446,-73.9379690020501",10,1,0,20,4,5,23,10,17,4
396,190th St,"40.8590219989248,-73.9341799996433",1,0,1,0,0,7,4,7,4,3
397,116th St,"40.8050581334421,-73.9547977805731",8,2,0,16,6,7,27,4,21,5
398,125th St,"40.8110716729945,-73.9522479973477",5,1,0,23,4,10,40,7,51,12
399,Prince St,"40.7243286659757,-73.9977020004598",21,17,1,20,6,29,149,13,174,18
400,8th St - NYU,"40.7304649985399,-73.9925079984914",23,77,0,14,4,18,95,8,90,16
401,Fulton St,"40.7094159992586,-74.006570999702",4,29,2,42,12,31,121,15,124,13
402,Park Pl,"40.7130509990776,-74.0088109999735",4,10,0,19,12,21,144,4,180,25
403,Chambers St,"40.7154780001132,-74.0092660017011",9,11,0,37,21,28,84,7,108,19
404,Hoyt St,"40.6905441853547,-73.9850637957564",2,5,0,33,9,14,54,8,107,12
405,Borough Hall,"40.693218999611,-73.9899979996068",8,26,0,6,2,16,138,5,136,14
406,183rd St,"40.8584070004084,-73.9038790015153",0,0,0,8,1,0,7,2,10,2
407,Fordham Rd,"40.8628029998893,-73.9010339992169",0,9,0,14,0,3,17,1,27,3
408,World Trade Center,"40.7125639268081,-74.009744615177",10,9,0,15,14,19,130,3,197,27
409,Canal St - Holland Tunnel,"40.7208240000711,-74.0052290023424",25,6,1,21,17,25,112,2,75,16
410,155th St,"40.8305179992925,-73.941514000822",2,4,0,7,0,6,7,3,3,5
411,163rd St - Amsterdam Av,"40.8360129992309,-73.9398920018834",2,1,0,7,1,4,14,5,18,5
412,Fulton St,"40.7100226665842,-74.0079380011038",4,30,2,43,10,32,125,6,155,18
413,Chambers St,"40.7132337896267,-74.0034067303133",3,3,0,9,2,10,78,1,22,3
414,Canal St,"40.7181738769739,-73.9998263854593",9,7,0,30,6,15,93,2,135,12
415,City Hall,"40.7132723311169,-74.0069858178033",14,20,0,30,10,30,131,1,134,25
416,Canal St,"40.7194650010589,-74.0018260000577",30,9,0,19,5,37,127,3,175,14
417,South Ferry,"40.7017305075744,-74.0131689591925",7,5,1,25,4,13,83,2,20,25
418,Bowling Green,"40.7049139992807,-74.0140079980343",5,21,1,4,3,19,110,5,121,17
419,Wall St,"40.707557000866,-74.0118619986011",9,12,1,23,7,35,151,8,188,18
420,Whitehall St,"40.7031423735991,-74.0130072374272",4,4,1,40,11,23,113,4,73,28
421,Rector St,"40.7077447562944,-74.0129745625379",7,10,1,25,8,24,124,5,155,19
422,Fresh Pond Rd,"40.7062259982304,-73.8958980017196",0,0,0,18,3,1,9,1,25,8
423,Middle Village - Metropolitan Ave,"40.7114313050582,-73.8895772297809",0,0,0,3,3,1,5,0,4,1
424,Rector St,"40.7075129995217,-74.0137830011974",6,11,1,23,7,26,117,8,109,18
425,Cortlandt St,"40.7118350008202,-74.0121880011229",7,4,0,8,4,11,109,3,130,7
426,Fulton St,"40.7103679988221,-74.0095089985646",4,7,1,30,9,26,130,6,160,22
427,Broad St,"40.706476001106,-74.0110559999175",5,26,0,21,6,35,138,13,184,14
428,Cortlandt St,"40.7105129841524,-74.0111319647326",5,6,0,18,9,22,124,4,163,23
429,Wall St,"40.7068209997533,-74.0090999984425",4,20,0,27,9,43,131,22,162,16
430,Dyckman St,"40.8654909989689,-73.9272709996072",3,0,0,26,10,5,18,5,30,5
431,Grand St,"40.7182669995499,-73.9937529991358",24,3,0,28,13,15,78,11,117,20
432,Broadway - Lafayette St,"40.725296998738,-73.9962039987605",23,28,1,27,10,36,149,4,153,17
433,Bowery,"40.7202468831472,-73.9938069065423",36,1,1,28,22,14,49,5,129,19
434,Canal St,"40.7188142635871,-74.0010547130603",20,10,0,19,6,33,136,10,164,15
435,23rd St,"40.7459059993999,-73.998041001172",6,4,0,25,4,22,71,5,66,12
436,34th St - Penn Station,"40.7522870007758,-73.9933909997057",48,19,1,15,13,36,125,5,183,31
437,Jackson Hts - Roosevelt Av,"40.7465396911588,-73.8912986651969",1,1,1,50,5,4,42,4,59,4
438,14th St,"40.7378259997281,-74.0002010006349",5,9,0,23,8,16,95,6,67,11
439,135th St,"40.8179055592126,-73.9475348087921",7,4,0,7,1,5,9,5,5,4
440,14th St,"40.7382279996951,-73.9962089992135",9,12,0,19,6,28,108,5,111,15
441,6th Ave,"40.7377414698105,-73.9977507887478",10,22,0,22,4,24,100,11,92,18
442,8th Ave,"40.7397766663819,-74.0025780010476",7,4,0,15,7,23,90,3,90,11
443,14th St,"40.7408930001932,-74.0016899993702",7,7,0,18,7,16,98,18,69,12
444,Nostrand Ave,"40.6699381509305,-73.9504262489579",1,0,0,12,5,2,9,1,28,2
445,Clark St,"40.6974659999646,-73.9930859982196",5,4,0,19,1,3,17,15,24,7
446,Franklin Ave,"40.6813796665874,-73.9568480001461",12,0,0,13,6,3,9,2,20,5
447,Clinton - Washington Aves,"40.6832629991264,-73.9658379985727",6,3,0,29,8,2,22,10,19,7
448,Forest Ave,"40.7044120008781,-73.9030750000595",3,1,0,16,3,1,4,1,5,4
449,110th St,"40.7950200001131,-73.9442499968716",5,0,0,15,0,5,18,5,27,3
450,86th St,"40.7794919982095,-73.9555889998513",9,6,1,23,3,16,143,7,84,12
451,York St,"40.6997426676915,-73.9868849999367",4,6,0,4,2,10,30,2,13,5
452,High St,"40.6993369997788,-73.9905310006545",5,0,0,11,5,5,13,5,5,8
453,Lafayette Ave,"40.6861130002056,-73.973945998494",6,1,0,25,10,4,26,3,37,5
454,President St,"40.6678836035368,-73.950589200222",1,5,0,18,1,1,10,2,19,2
455,Woodlawn,"40.8860370002533,-73.8787509999093",0,0,0,4,1,1,4,0,4,5
456,Bleecker St,"40.7259146668265,-73.9946590000633",22,22,1,28,12,31,97,5,132,14
457,103rd St,"40.7906000000845,-73.9474780015221",5,3,0,25,2,1,19,6,26,9
458,Euclid Ave,"40.6753769982393,-73.8721060009967",0,0,0,3,1,3,10,0,12,4
459,88th St,"40.679843001355,-73.8514700002608",0,0,0,4,1,0,1,0,6,1
460,Cortelyou Rd,"40.6409401651401,-73.9637900550549",1,1,0,16,1,3,8,1,16,3
461,116th St,"40.7986290002001,-73.9416169983714",4,0,0,30,9,4,16,8,55,11
462,Parkchester,"40.8332259992785,-73.8608160010839",0,0,0,17,3,3,13,0,24,5
463,Franklin St,"40.7193180013021,-74.006886002771",10,12,1,27,17,15,88,15,59,9
464,80th St,"40.6793710011543,-73.8589920020633",0,0,0,9,1,2,3,0,4,3
465,5th Ave - Bryant Pk,"40.7538210006482,-73.981962998567",10,33,3,19,12,30,125,2,136,21
466,Spring St,"40.7223009999936,-73.9971410000667",13,4,0,47,11,27,93,5,168,8
467,125th St,"40.8041380005872,-73.9375940005572",4,3,0,18,1,3,25,4,34,18
468,Coney Island - Stillwell Av,"40.5772810000675,-73.9812359981396",1,1,0,13,2,1,9,2,9,9
469,34th St - Hudson Yards,"40.7554463596159,-74.002197094422",3,0,0,16,4,4,18,0,15,15
470,72nd St,"40.7688025101489,-73.9583617868224",10,7,0,27,4,4,48,4,46,8
471,86th St,"40.7778610433316,-73.9517709096491",8,5,0,26,13,15,115,7,58,7
472,96th St,"40.7842366501776,-73.9470660219183",1,3,0,16,2,8,33,20,18,11
